nombre,categoria_iba,ingredientes,preparacion,cristaleria,guarnicion,fuente_url
Alexander,The Unforgettables (Inolvidables),30 ml (1 oz) de coñac (cognac); 30 ml (1 oz) de crema de cacao oscura; 30 ml (1 oz) de crema de leche fresca,Verter todos los ingredientes en una coctelera con cubos de hielo. Agitar (shake) y colar en una copa de cóctel fría.,copa de cóctel,Nuez moscada recién rallada espolvoreada por encima.,https://iba-world.com/iba-cocktail/alexander/
Americano,The Unforgettables (Inolvidables),30 ml (1 oz) de Campari (bitter Campari); 30 ml (1 oz) de vermut rojo dulce; un chorrito de agua con gas (soda),Mezclar los ingredientes directamente en un vaso old fashioned lleno de cubos de hielo. Añadir un chorrito de agua con gas. Remover suavemente.,vaso old fashioned,Media rodaja de naranja y una piel (zest) de limón.,https://iba-world.com/iba-cocktail/americano/
Angel Face,The Unforgettables (Inolvidables),30 ml (1 oz) de gin; 30 ml (1 oz) de brandy de albaricoque (apricot brandy); 30 ml (1 oz) de calvados,Verter todos los ingredientes en una coctelera con cubos de hielo. Agitar y colar en una copa de cóctel fría.,copa de cóctel,Sin guarnición.,https://iba-world.com/iba-cocktail/angel-face/
Aviation,The Unforgettables (Inolvidables),"45 ml (1,5 oz) de gin; 15 ml (0,5 oz) de licor marrasquino Luxardo; 15 ml (0,5 oz) de jugo fresco de limón; 1 cucharada de bar de crème de violette (licor de violeta)",Poner todos los ingredientes en una coctelera. Agitar con hielo picado y colar en una copa de cóctel fría.,copa de cóctel,Opcional: una cereza marrasquino.,https://iba-world.com/iba-cocktail/aviation/
Bee's Knees,New Era Drinks (Bebidas de la nueva era),"52,5 ml (1,75 oz) de gin seco (dry gin); 2 cucharaditas de jarabe de miel; 22,5 ml (0,75 oz) de jugo fresco de limón; 22,5 ml (0,75 oz) de jugo fresco de naranja",Remover la miel con los jugos de limón y de naranja hasta que se disuelva; añadir el gin y agitar con hielo. Colar en una copa de cóctel fría.,copa de cóctel,Opcional: una piel (zest) de limón o de naranja.,https://iba-world.com/iba-cocktail/bees-knees/
Between the Sheets,The Unforgettables (Inolvidables),"30 ml (1 oz) de ron blanco; 30 ml (1 oz) de coñac (cognac); 30 ml (1 oz) de triple sec; 20 ml (0,67 oz) de jugo fresco de limón",Poner todos los ingredientes en una coctelera. Agitar con hielo y colar en una copa de cóctel fría.,copa de cóctel,Sin guarnición.,https://iba-world.com/iba-cocktail/between-the-sheets/
Black Russian,Contemporary Classics (Clásicos contemporáneos),"50 ml (1,67 oz) de vodka; 20 ml (0,67 oz) de licor de café","Verter los ingredientes en un vaso old fashioned lleno de cubos de hielo y remover suavemente. Nota: para el White Russian, hacer flotar crema de leche fresca por encima y removerla lentamente.",vaso old fashioned,Sin guarnición.,https://iba-world.com/iba-cocktail/black-russian/
Bloody Mary,Contemporary Classics (Clásicos contemporáneos),"45 ml (1,5 oz) de vodka; 90 ml (3 oz) de jugo de tomate; 15 ml (0,5 oz) de jugo fresco de limón; 2 golpes (dashes) de salsa Worcestershire; Tabasco, sal de apio y pimienta al gusto","Remover suavemente todos los ingredientes en un vaso mezclador con hielo y verter en un vaso rocks. Nota: si se pide con hielo, servir en un vaso highball.",vaso rocks (o vaso highball si se sirve con hielo),Apio y una cuña de limón (opcional).,https://iba-world.com/iba-cocktail/bloody-mary/
Boulevardier,The Unforgettables (Inolvidables),"45 ml (1,5 oz) de bourbon o whiskey de centeno (rye); 30 ml (1 oz) de Campari (bitter Campari); 30 ml (1 oz) de vermut rojo dulce",Verter todos los ingredientes en un vaso mezclador con cubos de hielo. Remover bien (stir) y colar en una copa de cóctel fría.,copa de cóctel,"Una piel (zest) de naranja u, opcionalmente, de limón.",https://iba-world.com/iba-cocktail/boulevardier/
Bramble,New Era Drinks (Bebidas de la nueva era),"50 ml (1,67 oz) de gin; 25 ml (0,83 oz) de jugo fresco de limón; 12,5 ml (0,42 oz) de jarabe de azúcar; 15 ml (0,5 oz) de crème de mûre (licor de mora)","Verter todos los ingredientes en la coctelera excepto la crème de mûre, agitar bien con hielo y colar en un vaso old fashioned frío lleno de hielo picado; luego verter el licor de mora (crème de mûre) sobre la bebida con un movimiento circular.",vaso old fashioned,Opcional: una rodaja de limón y moras.,https://iba-world.com/iba-cocktail/bramble/
Brandy Crusta,The Unforgettables (Inolvidables),"52,5 ml (1,75 oz) de brandy; 7,5 ml (0,25 oz) de licor marrasquino Luxardo; 1 cucharada de bar de curaçao; 15 ml (0,5 oz) de jugo fresco de limón; 1 cucharada de bar de jarabe simple; 2 golpes (dashes) de bitters aromáticos",Mezclar todos los ingredientes con cubos de hielo en un vaso mezclador y colar en una copa de cóctel estrecha previamente preparada.,copa de cóctel estrecha,Frotar el borde de la copa con una rodaja de naranja (o limón) y pasarlo por azúcar blanca pulverizada para que se adhiera; colocar con cuidado la piel de naranja o limón enroscada en el interior de la copa.,https://iba-world.com/iba-cocktail/brandy-crusta/
Caipirinha,Contemporary Classics (Clásicos contemporáneos),60 ml (2 oz) de cachaça; 1 lima cortada en cuñas pequeñas; 4 cucharaditas de azúcar blanca de caña,"Poner la lima y el azúcar en un vaso old fashioned doble y macerar (muddle) suavemente. Llenar el vaso con hielo picado y añadir la cachaça. Remover suavemente para integrar los ingredientes. Nota: Caipiroska, con vodka en lugar de cachaça; Caipirissima, con ron en lugar de cachaça; Caipirão, con Licor Beirão en lugar de cachaça.",vaso old fashioned doble,Sin guarnición.,https://iba-world.com/iba-cocktail/caipirinha/
Canchanchara,New Era Drinks (Bebidas de la nueva era),"60 ml (2 oz) de aguardiente cubano; 15 ml (0,5 oz) de jugo fresco de lima; 15 ml (0,5 oz) de miel cruda; 50 ml (1,67 oz) de agua",Mezclar la miel con el agua y el jugo de lima y extender la mezcla en el fondo y las paredes del vaso. Añadir hielo picado y luego el ron (aguardiente cubano). Terminar removiendo enérgicamente de abajo hacia arriba.,vaso (tipo no especificado por la IBA),Una cuña de lima.,https://iba-world.com/iba-cocktail/canchanchara/
Cardinale,Contemporary Classics (Clásicos contemporáneos),"40 ml (1,33 oz) de gin; 20 ml (0,67 oz) de vermut seco; 10 ml (0,33 oz) de Campari (bitter Campari)",Verter todos los ingredientes en un vaso mezclador con cubos de hielo. Remover bien y colar en una copa de cóctel fría.,copa de cóctel,Una piel (zest) de limón.,https://iba-world.com/iba-cocktail/cardinale/
Casino,The Unforgettables (Inolvidables),"40 ml (1,33 oz) de gin Old Tom; 10 ml (0,33 oz) de licor marrasquino Luxardo; 10 ml (0,33 oz) de jugo fresco de limón; 2 golpes (dashes) de bitter de naranja","Verter todos los ingredientes en la coctelera, agitar bien con hielo y colar en un vaso rocks frío con hielo.",vaso rocks,Una piel (zest) de limón y una cereza marrasquino.,https://iba-world.com/iba-cocktail/casino/
Chartreuse Swizzle,New Era Drinks (Bebidas de la nueva era),"45 ml (1,5 oz) de Chartreuse verde; 30 ml (1 oz) de jugo fresco de piña; 22,5 ml (0,75 oz) de jugo fresco de lima; 15 ml (0,5 oz) de falernum",Verter todos los ingredientes en un vaso alto y añadir hielo granizado (pebble ice). Con ayuda de un swizzle stick (o una cuchara de bar) mezclar vigorosamente y terminar llenando el vaso con más hielo granizado.,vaso alto,Hojas de hierbabuena (menta) y nuez moscada rallada.,https://iba-world.com/iba-cocktail/chartreuse-swizzle/
Clover Club,The Unforgettables (Inolvidables),"45 ml (1,5 oz) de gin; 15 ml (0,5 oz) de jarabe de frambuesa; 15 ml (0,5 oz) de jugo fresco de limón; unas gotas de clara de huevo","Verter todos los ingredientes en la coctelera, agitar bien con hielo y colar en una copa de cóctel fría.",copa de cóctel,Frambuesas frescas.,https://iba-world.com/iba-cocktail/clover-club/
Corpse Reviver #2,Contemporary Classics (Clásicos contemporáneos),30 ml (1 oz) de gin; 30 ml (1 oz) de Cointreau; 30 ml (1 oz) de Lillet Blanc; 30 ml (1 oz) de jugo fresco de limón; 1 golpe (dash) de absenta,Verter todos los ingredientes en una coctelera con hielo. Agitar bien y colar en una copa de cóctel fría.,copa de cóctel,Una piel (zest) de naranja.,https://iba-world.com/iba-cocktail/corpse-reviver-2/
Cosmopolitan,Contemporary Classics (Clásicos contemporáneos),"40 ml (1,33 oz) de vodka cítrico (vodka citron); 15 ml (0,5 oz) de Cointreau; 15 ml (0,5 oz) de jugo fresco de lima; 30 ml (1 oz) de jugo de arándano rojo",Poner todos los ingredientes en una coctelera con hielo. Agitar bien y colar en una copa de cóctel grande.,copa de cóctel grande,Un twist de limón.,https://iba-world.com/iba-cocktail/cosmopolitan/
Cuba Libre,Contemporary Classics (Clásicos contemporáneos),"50 ml (1,67 oz) de ron blanco; 120 ml (4 oz) de cola; 10 ml (0,33 oz) de jugo fresco de lima",Construir (build) todos los ingredientes directamente en un vaso highball lleno de hielo.,vaso highball,Una cuña de lima.,https://iba-world.com/iba-cocktail/cuba-libre/
Daiquiri,The Unforgettables (Inolvidables),"60 ml (2 oz) de ron blanco cubano; 20 ml (0,67 oz) de jugo fresco de lima; 2 cucharadas de bar de azúcar superfina",En una coctelera poner todos los ingredientes y remover bien para disolver el azúcar. Añadir hielo y agitar. Colar en una copa de cóctel fría.,copa de cóctel,Sin guarnición.,https://iba-world.com/iba-cocktail/daiquiri/
Dark 'N' Stormy,New Era Drinks (Bebidas de la nueva era),"60 ml (2 oz) de ron Goslings; 100 ml (3,33 oz) de ginger beer (cerveza de jengibre)",En un vaso highball lleno de hielo verter la ginger beer y completar haciendo flotar el ron por encima.,vaso highball,Una cuña o rodaja de lima.,https://iba-world.com/iba-cocktail/dark-n-stormy/
Don's Special Daiquiri,New Era Drinks (Bebidas de la nueva era),"30 ml (1 oz) de ron dorado de Jamaica; 15 ml (0,5 oz) de ron cubano; 15 ml (0,5 oz) de jarabe de maracuyá (fruta de la pasión); 15 ml (0,5 oz) de jugo fresco de lima; 15 ml (0,5 oz) de jarabe de miel",Licuar (blend) unos segundos en una batidora de malteadas con hielo picado y verter en un vaso copo con pie. Llenar el vaso con más hielo picado.,vaso copo con pie,Medio maracuyá (fruta de la pasión).,https://iba-world.com/iba-cocktail/dons-special-daiquiri/
Dry Martini,The Unforgettables (Inolvidables),"60 ml (2 oz) de gin; 10 ml (0,33 oz) de vermut seco",Verter todos los ingredientes en un vaso mezclador con cubos de hielo. Remover bien (stir) y colar en una copa martini fría.,copa martini,"Exprimir los aceites de una piel de limón sobre la bebida o, si se pide, decorar con aceitunas verdes.",https://iba-world.com/iba-cocktail/dry-martini/
Espresso Martini,New Era Drinks (Bebidas de la nueva era),"50 ml (1,67 oz) de vodka; 30 ml (1 oz) de Kahlúa (licor de café); 10 ml (0,33 oz) de jarabe de azúcar; 1 café espresso fuerte","Verter todos los ingredientes en la coctelera, agitar bien con hielo y colar en una copa de cóctel fría.",copa de cóctel,3 granos de café.,https://iba-world.com/iba-cocktail/espresso-martini/
Fernandito,New Era Drinks (Bebidas de la nueva era),"50 ml (1,67 oz) de Fernet Branca; completar con cola",Verter el Fernet Branca en un vaso old fashioned doble con hielo y completar el vaso con cola. Remover suavemente.,vaso old fashioned doble,Sin guarnición.,https://iba-world.com/iba-cocktail/fernandito/
French 75,Contemporary Classics (Clásicos contemporáneos),"30 ml (1 oz) de gin; 15 ml (0,5 oz) de jugo fresco de limón; 15 ml (0,5 oz) de jarabe de azúcar; 60 ml (2 oz) de champaña (Champagne)",Verter todos los ingredientes excepto la champaña en una coctelera. Agitar bien y colar en una copa flauta de champaña. Completar con champaña y remover suavemente.,copa flauta,Sin guarnición.,https://iba-world.com/iba-cocktail/french-75/
French Connection,Contemporary Classics (Clásicos contemporáneos),"35 ml (1,17 oz) de coñac (cognac); 35 ml (1,17 oz) de amaretto",Verter todos los ingredientes directamente en un vaso old fashioned lleno de cubos de hielo. Remover suavemente.,vaso old fashioned,Sin guarnición.,https://iba-world.com/iba-cocktail/french-connection/
French Martini,New Era Drinks (Bebidas de la nueva era),"45 ml (1,5 oz) de vodka; 15 ml (0,5 oz) de licor de frambuesa; 15 ml (0,5 oz) de jugo fresco de piña","Verter todos los ingredientes en la coctelera, agitar bien con hielo y colar en una copa de cóctel fría.",copa de cóctel,Exprimir los aceites de una piel de limón sobre la bebida.,https://iba-world.com/iba-cocktail/french-martini/
Garibaldi,Contemporary Classics (Clásicos contemporáneos),"45 ml (1,5 oz) de Campari (bitter Campari); 120 ml (4 oz) de jugo de naranja recién exprimido",Construir (build) todos los ingredientes en un vaso highball lleno de hielo.,vaso highball,Una cuña de naranja.,https://iba-world.com/iba-cocktail/garibaldi/
Gin Basil Smash,New Era Drinks (Bebidas de la nueva era),"60 ml (2 oz) de gin; 22,5 ml (0,75 oz) de jugo de limón recién exprimido; 22,5 ml (0,75 oz) de jarabe de azúcar; 10 hojas de albahaca italiana",Poner todos los ingredientes en una coctelera con hielo. Agitar vigorosamente y verter en una copa de cóctel fría.,copa de cóctel,Sin guarnición.,https://iba-world.com/iba-cocktail/gin-basil-smash/
Gin Fizz,The Unforgettables (Inolvidables),"45 ml (1,5 oz) de gin; 30 ml (1 oz) de jugo fresco de limón; 10 ml (0,33 oz) de jarabe simple; un chorrito de agua con gas (soda)",Agitar todos los ingredientes con hielo excepto el agua con gas. Verter en un vaso tumbler alto y delgado y completar con un chorrito de agua con gas. Nota: se sirve sin hielo.,vaso tumbler alto,"Una rodaja de limón; opcionalmente, una piel (zest) de limón.",https://iba-world.com/iba-cocktail/gin-fizz/
Grand Margarita,New Era Drinks (Bebidas de la nueva era),"45 ml (1,5 oz) de tequila 100 % de agave; 30 ml (1 oz) de Grand Marnier; 15 ml (0,5 oz) de jugo fresco de lima",Escarchar el borde de un vaso rocks con sal marina de buena calidad. Verter los ingredientes en la coctelera. Poner hielo en el vaso y en la coctelera. Agitar con fuerza durante 10 segundos y colar la bebida en el vaso.,vaso rocks,Una rodaja de lima.,https://iba-world.com/iba-cocktail/grand-margarita/
Grasshopper,Contemporary Classics (Clásicos contemporáneos),"20 ml (0,67 oz) de crema de cacao blanca; 20 ml (0,67 oz) de crema de menta verde; 20 ml (0,67 oz) de crema de leche fresca",Verter todos los ingredientes en una coctelera llena de hielo. Agitar enérgicamente durante unos segundos y colar en una copa de cóctel fría.,copa de cóctel,"Sin guarnición; opcional, una hoja de menta.",https://iba-world.com/iba-cocktail/grasshopper/
Hanky Panky,The Unforgettables (Inolvidables),"45 ml (1,5 oz) de gin London Dry; 45 ml (1,5 oz) de vermut rojo dulce; 7,5 ml (0,25 oz) de Fernet",Verter todos los ingredientes en un vaso mezclador con cubos de hielo. Remover bien y colar en una copa de cóctel fría.,copa de cóctel,Una piel (zest) de naranja.,https://iba-world.com/iba-cocktail/hanky-panky/
Hemingway Special,Contemporary Classics (Clásicos contemporáneos),"60 ml (2 oz) de ron; 40 ml (1,33 oz) de jugo de toronja (pomelo); 15 ml (0,5 oz) de licor marrasquino Luxardo; 15 ml (0,5 oz) de jugo fresco de lima",Verter todos los ingredientes en una coctelera con hielo. Agitar bien y colar en una copa de cóctel grande.,copa de cóctel grande,Sin guarnición.,https://iba-world.com/iba-cocktail/hemingway-special/
Horse's Neck,Contemporary Classics (Clásicos contemporáneos),"40 ml (1,33 oz) de coñac (cognac); 120 ml (4 oz) de ginger ale; un golpe (dash) de amargo de Angostura (opcional)","Verter el coñac y el ginger ale directamente en un vaso highball con cubos de hielo. Remover suavemente. Si se prefiere, añadir unos golpes de Angostura.",vaso highball,La cáscara de un limón entero cortada en espiral.,https://iba-world.com/iba-cocktail/horses-neck/
Illegal,New Era Drinks (Bebidas de la nueva era),"30 ml (1 oz) de mezcal espadín; 15 ml (0,5 oz) de ron blanco overproof de Jamaica; 15 ml (0,5 oz) de falernum; 1 cucharada de bar de licor marrasquino Luxardo; 22,5 ml (0,75 oz) de jugo fresco de lima; 15 ml (0,5 oz) de jarabe simple; unas gotas de clara de huevo (opcional)","Verter todos los ingredientes en la coctelera. Agitar vigorosamente con hielo. Colar en una copa de cóctel fría, o servir con hielo (on the rocks) en una taza tradicional de barro o terracota.",copa de cóctel (o taza de barro o terracota),Sin guarnición.,https://iba-world.com/iba-cocktail/illegal/
Irish Coffee,Contemporary Classics (Clásicos contemporáneos),"50 ml (1,67 oz) de whiskey irlandés; 120 ml (4 oz) de café caliente; 50 ml (1,67 oz) de crema de leche fresca fría; 1 cucharadita de azúcar","Verter el café negro caliente en una copa de Irish coffee precalentada. Añadir el whiskey y al menos una cucharadita de azúcar y remover hasta disolver. Verter con cuidado la crema fresca, espesa y fría, sobre el dorso de una cuchara sostenida justo encima de la superficie del café; la capa de crema flotará sobre el café sin mezclarse. El azúcar puede sustituirse por jarabe de azúcar.",copa de Irish coffee,Sin guarnición.,https://iba-world.com/iba-cocktail/irish-coffee/
John Collins,The Unforgettables (Inolvidables),"45 ml (1,5 oz) de gin; 30 ml (1 oz) de jugo fresco de limón; 15 ml (0,5 oz) de jarabe simple; 60 ml (2 oz) de agua con gas (soda)",Verter todos los ingredientes directamente en un vaso highball lleno de hielo. Remover suavemente. Nota: con gin Old Tom se convierte en Tom Collins.,vaso highball,Una rodaja de limón y una cereza marrasquino.,https://iba-world.com/iba-cocktail/john-collins/
Jungle Bird,New Era Drinks (Bebidas de la nueva era),"45 ml (1,5 oz) de ron blackstrap; 22,5 ml (0,75 oz) de Campari; 45 ml (1,5 oz) de jugo de piña; 15 ml (0,5 oz) de jugo de lima recién exprimido; 15 ml (0,5 oz) de jarabe de azúcar demerara",Verter todos los ingredientes en una coctelera con hielo y agitar. Colar en un vaso rocks lleno de hielo.,vaso rocks,Una cuña de piña.,https://iba-world.com/iba-cocktail/jungle-bird/
Last Word,The Unforgettables (Inolvidables),"22,5 ml (0,75 oz) de gin; 22,5 ml (0,75 oz) de Chartreuse verde; 22,5 ml (0,75 oz) de licor marrasquino Luxardo; 22,5 ml (0,75 oz) de jugo fresco de lima",Poner todos los ingredientes en una coctelera. Agitar con hielo y colar en una copa de cóctel fría.,copa de cóctel,Sin guarnición.,https://iba-world.com/iba-cocktail/last-word/
Lemon Drop Martini,Contemporary Classics (Clásicos contemporáneos),"30 ml (1 oz) de vodka; 20 ml (0,67 oz) de triple sec; 15 ml (0,5 oz) de jugo de limón recién exprimido",Verter todos los ingredientes en una coctelera con hielo. Agitar bien y colar en una copa de cóctel fría.,copa de cóctel,Sin guarnición.,https://iba-world.com/iba-cocktail/lemon-drop-martini/
Long Island Iced Tea,Contemporary Classics (Clásicos contemporáneos),"15 ml (0,5 oz) de vodka; 15 ml (0,5 oz) de tequila; 15 ml (0,5 oz) de ron blanco; 15 ml (0,5 oz) de gin; 15 ml (0,5 oz) de Cointreau; 25 ml (0,83 oz) de jugo de limón; 30 ml (1 oz) de jarabe simple; completar con cola",Poner todos los ingredientes en un vaso highball lleno de hielo. Remover suavemente.,vaso highball,Una rodaja de limón (opcional).,https://iba-world.com/iba-cocktail/long-island-iced-tea/
Mai-Tai,Contemporary Classics (Clásicos contemporáneos),"30 ml (1 oz) de ron ámbar de Jamaica; 30 ml (1 oz) de rhum de melaza de Martinica*; 15 ml (0,5 oz) de curaçao de naranja; 15 ml (0,5 oz) de jarabe de orgeat (almendra); 30 ml (1 oz) de jugo de lima recién exprimido; 7,5 ml (0,25 oz) de jarabe simple","Poner todos los ingredientes en una coctelera con hielo. Agitar y verter en un vaso rocks doble o en un vaso highball. *El ron de melaza de Martinica que usaba Trader Vic no era un rhum agrícola, sino un tipo de ron de melaza.",vaso rocks doble o vaso highball,"Una lanza de piña, hojas de hierbabuena (menta) y piel de lima.",https://iba-world.com/iba-cocktail/mai-tai/
Manhattan,The Unforgettables (Inolvidables),"50 ml (1,67 oz) de whiskey de centeno (rye); 20 ml (0,67 oz) de vermut rojo dulce; 1 golpe (dash) de amargo de Angostura",Verter todos los ingredientes en un vaso mezclador con cubos de hielo. Remover bien (stir) y colar en una copa de cóctel fría.,copa de cóctel,Una cereza de cóctel.,https://iba-world.com/iba-cocktail/manhattan/
Margarita,Contemporary Classics (Clásicos contemporáneos),"50 ml (1,67 oz) de tequila 100 % de agave; 20 ml (0,67 oz) de triple sec; 15 ml (0,5 oz) de jugo de lima recién exprimido",Poner todos los ingredientes en una coctelera con hielo. Agitar y colar en una copa de cóctel fría.,copa de cóctel,Medio borde escarchado con sal (opcional).,https://iba-world.com/iba-cocktail/margarita/
Martinez,The Unforgettables (Inolvidables),"45 ml (1,5 oz) de gin London Dry; 45 ml (1,5 oz) de vermut rojo dulce; 1 cucharada de bar de licor marrasquino Luxardo; 2 golpes (dashes) de bitter de naranja",Verter todos los ingredientes en un vaso mezclador con cubos de hielo. Remover bien y colar en una copa de cóctel fría.,copa de cóctel,Una piel (zest) de limón.,https://iba-world.com/iba-cocktail/martinez/
Mary Pickford,The Unforgettables (Inolvidables),"45 ml (1,5 oz) de ron blanco; 45 ml (1,5 oz) de jugo fresco de piña; 7,5 ml (0,25 oz) de licor marrasquino Luxardo; 5 ml (0,17 oz) de jarabe de granadina","Verter todos los ingredientes en la coctelera, agitar bien con hielo y colar en una copa de cóctel fría.",copa de cóctel,Sin guarnición.,https://iba-world.com/iba-cocktail/mary-pickford/
Mint Julep,Contemporary Classics (Clásicos contemporáneos),60 ml (2 oz) de bourbon; 4 ramitas frescas de hierbabuena (menta); 1 cucharadita de azúcar glas; 2 cucharaditas de agua,"En una copa julep de acero inoxidable, macerar (muddle) suavemente la hierbabuena con el azúcar y el agua. Llenar la copa con hielo picado, añadir el bourbon y remover bien hasta que la copa se escarche.",copa julep de acero inoxidable,Una ramita de hierbabuena (menta).,https://iba-world.com/iba-cocktail/mint-julep/
Missionary's Downfall,New Era Drinks (Bebidas de la nueva era),"30 ml (1 oz) de ron blanco; 15 ml (0,5 oz) de brandy de durazno (melocotón); 15 ml (0,5 oz) de jugo fresco de lima; 30 ml (1 oz) de mezcla de miel (honey mix); 10 hojas de hierbabuena (menta); 3 o 4 trozos de piña",Licuar (blend) todos los ingredientes con media taza de hielo picado. Servir en una copa grande (coppa grande).,copa grande,Una ramita de hierbabuena (menta) y una rodaja de piña.,https://iba-world.com/iba-cocktail/missionarys-downfall/
Mojito,Contemporary Classics (Clásicos contemporáneos),"45 ml (1,5 oz) de ron blanco cubano; 20 ml (0,67 oz) de jugo fresco de lima; 6 ramitas de hierbabuena (menta); 2 cucharaditas de azúcar blanca de caña; agua con gas (soda)",Mezclar las ramitas de hierbabuena con el azúcar y el jugo de lima. Añadir un chorrito de agua con gas y llenar el vaso con hielo. Verter el ron y completar con agua con gas. Remover ligeramente para integrar todos los ingredientes.,vaso (tipo no especificado por la IBA),Ramitas de hierbabuena (menta) y una rodaja de lima.,https://iba-world.com/iba-cocktail/mojito/
Monkey Gland,The Unforgettables (Inolvidables),"45 ml (1,5 oz) de gin seco (dry gin); 45 ml (1,5 oz) de jugo fresco de naranja; 1 cucharada de absenta; 1 cucharada de jarabe de granadina","Verter todos los ingredientes en la coctelera, agitar bien con hielo y colar en una copa de cóctel fría.",copa de cóctel,Sin guarnición.,https://iba-world.com/iba-cocktail/monkey-gland/
Moscow Mule,Contemporary Classics (Clásicos contemporáneos),"45 ml (1,5 oz) de vodka Smirnoff; 120 ml (4 oz) de ginger beer (cerveza de jengibre); 10 ml (0,33 oz) de jugo fresco de lima","En una taza Mule (mule cup) o en un vaso rocks, combinar el vodka y la ginger beer. Añadir el jugo de lima y remover suavemente para integrar todos los ingredientes.",taza Mule (mule cup) o vaso rocks,Una rodaja de lima.,https://iba-world.com/iba-cocktail/moscow-mule/
Naked and Famous,New Era Drinks (Bebidas de la nueva era),"22,5 ml (0,75 oz) de mezcal; 22,5 ml (0,75 oz) de Chartreuse amarillo; 22,5 ml (0,75 oz) de Aperol; 22,5 ml (0,75 oz) de jugo fresco de lima","Verter todos los ingredientes en la coctelera, agitar bien con hielo y colar en una copa de cóctel fría.",copa de cóctel,Sin guarnición.,https://iba-world.com/iba-cocktail/naked-and-famous/
Negroni,The Unforgettables (Inolvidables),30 ml (1 oz) de gin; 30 ml (1 oz) de Campari (bitter Campari); 30 ml (1 oz) de vermut rojo dulce,Verter todos los ingredientes directamente en un vaso old fashioned frío lleno de hielo. Remover suavemente.,vaso old fashioned,Media rodaja de naranja.,https://iba-world.com/iba-cocktail/negroni/
New York Sour,New Era Drinks (Bebidas de la nueva era),"60 ml (2 oz) de whiskey de centeno (rye) o bourbon; 22,5 ml (0,75 oz) de jarabe simple; 30 ml (1 oz) de jugo fresco de limón; unas gotas de clara de huevo; 15 ml (0,5 oz) de vino tinto (Shiraz o Malbec)",Verter todos los ingredientes en la coctelera. Agitar vigorosamente con hielo. Colar en un vaso rocks frío lleno de hielo. Hacer flotar el vino por encima.,vaso rocks,Una piel (zest) de limón o de naranja con una cereza.,https://iba-world.com/iba-cocktail/new-york-sour/
Old Cuban,New Era Drinks (Bebidas de la nueva era),"6 a 8 hojas de hierbabuena (menta); 45 ml (1,5 oz) de ron añejo; 22,5 ml (0,75 oz) de jugo fresco de lima; 30 ml (1 oz) de jarabe simple; 2 golpes (dashes) de amargo de Angostura; 60 ml (2 oz) de champaña brut o Prosecco","Verter todos los ingredientes en la coctelera excepto el vino espumoso, agitar bien con hielo y colar en una copa de cóctel elegante y fría. Completar con el vino espumoso.",copa de cóctel,Ramitas de hierbabuena (menta).,https://iba-world.com/iba-cocktail/old-cuban/
Old Fashioned,The Unforgettables (Inolvidables),"45 ml (1,5 oz) de bourbon o whiskey de centeno (rye); 1 terrón de azúcar; unos golpes (dashes) de amargo de Angostura; unos golpes de agua natural",Poner el terrón de azúcar en un vaso old fashioned y empaparlo con el bitter (Angostura); añadir unos golpes de agua natural. Macerar (muddle) hasta disolverlo. Llenar el vaso con cubos de hielo y añadir el whisky. Remover suavemente.,vaso old fashioned,Una rodaja o piel (zest) de naranja y una cereza de cóctel.,https://iba-world.com/iba-cocktail/old-fashioned/
Paloma,New Era Drinks (Bebidas de la nueva era),"50 ml (1,67 oz) de tequila 100 % de agave; 5 ml (0,17 oz) de jugo fresco de lima; una pizca de sal; 100 ml (3,33 oz) de soda de toronja rosada (pomelo rosado)",Verter el tequila en un vaso highball y exprimir el jugo de lima. Añadir hielo y sal y completar con la soda de toronja rosada. Remover suavemente.,vaso highball,Una rodaja de lima.,https://iba-world.com/iba-cocktail/paloma/
Paper Plane,New Era Drinks (Bebidas de la nueva era),30 ml (1 oz) de bourbon; 30 ml (1 oz) de Amaro Nonino; 30 ml (1 oz) de Aperol; 30 ml (1 oz) de jugo fresco de limón,"Verter todos los ingredientes en la coctelera, agitar bien con hielo y colar en una copa de cóctel fría.",copa de cóctel,Sin guarnición.,https://iba-world.com/iba-cocktail/paper-plane/
Paradise,The Unforgettables (Inolvidables),"30 ml (1 oz) de gin; 20 ml (0,67 oz) de brandy de albaricoque (apricot brandy); 15 ml (0,5 oz) de jugo fresco de naranja","Verter todos los ingredientes en la coctelera, agitar bien con hielo y colar en una copa de cóctel fría.",copa de cóctel,Sin guarnición.,https://iba-world.com/iba-cocktail/paradise/
Penicillin,New Era Drinks (Bebidas de la nueva era),"60 ml (2 oz) de whisky escocés de mezcla (blended scotch); 7,5 ml (0,25 oz) de whisky Lagavulin 16 años (single malt de Islay); 22,5 ml (0,75 oz) de jugo fresco de limón; 22,5 ml (0,75 oz) de jarabe de miel; 2 o 3 rodajas de jengibre fresco del tamaño de una moneda",Macerar (muddle) el jengibre fresco en una coctelera y añadir los demás ingredientes excepto el whisky single malt de Islay. Llenar la coctelera con hielo y agitar. Colar con colador fino (doble colado) en un vaso old fashioned frío con hielo. Hacer flotar el whisky single malt por encima.,vaso old fashioned,Rodajas de jengibre confitado.,https://iba-world.com/iba-cocktail/penicillin/
Pisco Punch,New Era Drinks (Bebidas de la nueva era),"60 ml (2 oz) de pisco; 22,5 ml (0,75 oz) de jugo fresco de piña; 15 ml (0,5 oz) de jarabe simple; 15 ml (0,5 oz) de jugo fresco de limón; 30 ml (1 oz) de vino blanco seco; 3 clavos de olor",Machacar suavemente el jarabe simple con los clavos de olor y añadir los demás ingredientes excepto el vino. Agitar vigorosamente y colar dos veces (doble colado) en una copa goblet grande. Añadir el vino por encima y remover suavemente.,copa goblet grande,Sin guarnición.,https://iba-world.com/iba-cocktail/pisco-punch/
Pisco Sour,Contemporary Classics (Clásicos contemporáneos),"60 ml (2 oz) de pisco; 30 ml (1 oz) de jugo fresco de limón; 20 ml (0,67 oz) de jarabe simple; 1 clara de huevo cruda entera",Poner todos los ingredientes en una coctelera con hielo. Agitar y colar en una copa goblet fría.,copa goblet,Unos golpes de amargo (bitters) por encima como guarnición aromática.,https://iba-world.com/iba-cocktail/pisco-sour/
Piña Colada,Contemporary Classics (Clásicos contemporáneos),"50 ml (1,67 oz) de ron blanco; 30 ml (1 oz) de crema de coco; 50 ml (1,67 oz) de jugo fresco de piña","Licuar (blend) todos los ingredientes con hielo en una licuadora eléctrica, verter en un vaso grande y servir con pajitas. Nota: históricamente se añadían al gusto unas gotas de jugo fresco de lima. Se pueden usar 4 rodajas de piña fresca en lugar del jugo.",vaso grande,Una rodaja de piña con una cereza de cóctel.,https://iba-world.com/iba-cocktail/pina-colada/
Planters Punch,The Unforgettables (Inolvidables),"45 ml (1,5 oz) de ron de Jamaica; 15 ml (0,5 oz) de jugo de lima; 30 ml (1 oz) de jugo de caña de azúcar","Verter todos los ingredientes directamente en un vaso tumbler pequeño o en un vaso típico de terracota. Nota: diluir al gusto con agua, hielo o jugos frescos.",vaso tumbler pequeño o vaso de terracota,Una piel (zest) de naranja.,https://iba-world.com/iba-cocktail/planters-punch/
Porn Star Martini,New Era Drinks (Bebidas de la nueva era),"50 ml (1,67 oz) de vodka de vainilla; 20 ml (0,67 oz) de licor de maracuyá (fruta de la pasión); 50 ml (1,67 oz) de puré de maracuyá (fruta de la pasión); 2 cucharadas de bar de azúcar de vainilla; 50 ml (1,67 oz) de champaña, servida aparte","Verter todos los ingredientes en la coctelera, agitar bien con hielo y colar dos veces (doble colado) en una copa de cóctel grande y fría. Acompañar con un shot de champaña.",copa de cóctel grande,Media fruta de maracuyá y azúcar.,https://iba-world.com/iba-cocktail/porn-star-martini/
Rabo de Galo,Contemporary Classics (Clásicos contemporáneos),"60 ml (2 oz) de cachaça; 20 ml (0,67 oz) de vermut dulce Cinzano Rosso; 15 ml (0,5 oz) de Cynar; 2 gotas de Angostura (opcional)","Combinar todos los ingredientes en un vaso rocks, añadir hielo y remover brevemente.",vaso rocks,Un twist de naranja.,https://iba-world.com/iba-cocktail/rabo-de-galo/
Ramos Fizz,The Unforgettables (Inolvidables),"45 ml (1,5 oz) de gin; 15 ml (0,5 oz) de jugo fresco de lima; 15 ml (0,5 oz) de jugo fresco de limón; 30 ml (1 oz) de jarabe de azúcar; 60 ml (2 oz) de crema de leche; 30 ml (1 oz) de clara de huevo; 3 golpes (dashes) de agua de azahar; 2 gotas de extracto de vainilla; agua con gas (soda)","Verter todos los ingredientes excepto el agua con gas en una coctelera con hielo. Agitar durante dos minutos, colar dos veces en un vaso, devolver la bebida a la coctelera y agitar con fuerza sin hielo durante un minuto. Colar en un vaso highball y completar con agua con gas. Nota: la bebida la inventó Henry Ramos en 1888 en su bar Meyer's Table d'Hôtel Internationale de Nueva Orleans; originalmente se agitaba durante 12 minutos por un equipo de 30 bartenders que se pasaban la coctelera de uno a otro.",vaso highball,Sin guarnición.,https://iba-world.com/iba-cocktail/ramos-fizz/
Remember the Maine,The Unforgettables (Inolvidables),"60 ml (2 oz) de whiskey de centeno (rye); 22,5 ml (0,75 oz) de vermut dulce; 15 ml (0,5 oz) de Cherry Brandy Luxardo; 7,5 ml (0,25 oz) de absenta",Verter la absenta en una copa coupé y hacerla girar para cubrir por completo el interior. Desechar la absenta y reservar la copa. Poner los demás ingredientes en un vaso mezclador y llenarlo con hielo hasta 3/4. Remover hasta enfriar y colar en la copa enjuagada con absenta.,copa coupé,Una piel (zest) de limón.,https://iba-world.com/iba-cocktail/remember-the-maine/
Russian Spring Punch,New Era Drinks (Bebidas de la nueva era),"25 ml (0,83 oz) de vodka; 25 ml (0,83 oz) de jugo fresco de limón; 15 ml (0,5 oz) de crème de cassis (licor de grosella negra); 10 ml (0,33 oz) de jarabe de azúcar; completar con vino espumoso","Verter todos los ingredientes en la coctelera excepto el vino espumoso, agitar bien con hielo, colar en un vaso tumbler alto y frío lleno de hielo y completar con vino espumoso.",vaso tumbler alto,"Moras y, opcionalmente, una rodaja de limón.",https://iba-world.com/iba-cocktail/russian-spring-punch/
Rusty Nail,The Unforgettables (Inolvidables),"45 ml (1,5 oz) de whisky escocés (scotch); 25 ml (0,83 oz) de Drambuie",Verter todos los ingredientes directamente en un vaso old fashioned lleno de hielo. Remover suavemente.,vaso old fashioned,Una piel (zest) de limón.,https://iba-world.com/iba-cocktail/rusty-nail/
Sazerac,The Unforgettables (Inolvidables),"50 ml (1,67 oz) de coñac (cognac); 10 ml (0,33 oz) de absenta; 1 terrón de azúcar; 2 golpes (dashes) de Peychaud's Bitters","Enjuagar un vaso old fashioned frío con la absenta, añadir hielo picado y reservar. Remover los demás ingredientes con hielo en un vaso mezclador. Desechar el hielo y el exceso de absenta del vaso preparado y colar en él la bebida. Nota: la receta original cambió tras la guerra de Secesión estadounidense; el whiskey de centeno (rye) sustituyó al coñac porque este se volvió difícil de conseguir.",vaso old fashioned,Una piel (zest) de limón.,https://iba-world.com/iba-cocktail/sazerac/
Sea Breeze,Contemporary Classics (Clásicos contemporáneos),"40 ml (1,33 oz) de vodka; 120 ml (4 oz) de jugo de arándano rojo; 30 ml (1 oz) de jugo de toronja (pomelo)",Construir (build) todos los ingredientes en un vaso highball lleno de hielo.,vaso highball,Una piel (zest) de naranja y una cereza.,https://iba-world.com/iba-cocktail/sea-breeze/
Sex on the Beach,Contemporary Classics (Clásicos contemporáneos),"40 ml (1,33 oz) de vodka; 20 ml (0,67 oz) de licor de durazno (peach schnapps); 40 ml (1,33 oz) de jugo fresco de naranja; 40 ml (1,33 oz) de jugo de arándano rojo",Construir (build) todos los ingredientes en un vaso highball lleno de hielo.,vaso highball,Media rodaja de naranja.,https://iba-world.com/iba-cocktail/sex-on-the-beach/
Sidecar,The Unforgettables (Inolvidables),"50 ml (1,67 oz) de coñac (cognac); 20 ml (0,67 oz) de triple sec; 20 ml (0,67 oz) de jugo fresco de limón","Verter todos los ingredientes en la coctelera, agitar bien con hielo y colar en una copa de cóctel fría.",copa de cóctel,Sin guarnición.,https://iba-world.com/iba-cocktail/sidecar/
Singapore Sling,Contemporary Classics (Clásicos contemporáneos),"30 ml (1 oz) de gin; 15 ml (0,5 oz) de licor de cereza Sangue Morlacco; 7,5 ml (0,25 oz) de Cointreau; 7,5 ml (0,25 oz) de DOM Bénédictine; 120 ml (4 oz) de jugo fresco de piña; 15 ml (0,5 oz) de jugo fresco de lima; 10 ml (0,33 oz) de jarabe de granadina; un golpe (dash) de amargo de Angostura",Verter todos los ingredientes en una coctelera llena de cubos de hielo. Agitar bien y colar en una copa Hurricane.,copa Hurricane,Piña y una cereza marrasquino.,https://iba-world.com/iba-cocktail/singapore-sling/
South Side,New Era Drinks (Bebidas de la nueva era),"60 ml (2 oz) de gin London Dry; 30 ml (1 oz) de jugo fresco de limón; 15 ml (0,5 oz) de jarabe simple; 5 o 6 hojas de hierbabuena (menta); unas gotas de clara de huevo (opcional)","Verter todos los ingredientes en una coctelera, agitar bien con hielo y colar dos veces (doble colado) en una copa de cóctel fría. Nota: si se usa clara de huevo, agitar vigorosamente.",copa de cóctel,Ramitas de hierbabuena (menta).,https://iba-world.com/iba-cocktail/south-side/
Spicy Fifty,New Era Drinks (Bebidas de la nueva era),"50 ml (1,67 oz) de vodka de vainilla; 15 ml (0,5 oz) de cordial de flor de saúco; 15 ml (0,5 oz) de jugo fresco de lima; 10 ml (0,33 oz) de jarabe de miel Monin; 2 rodajas finas de ají (chile) rojo","Verter todos los ingredientes en una coctelera, agitar bien con hielo y colar dos veces (doble colado) en una copa de cóctel fría.",copa de cóctel,Un ají (chile) rojo.,https://iba-world.com/iba-cocktail/spicy-fifty/
Stinger,The Unforgettables (Inolvidables),"50 ml (1,67 oz) de coñac (cognac); 20 ml (0,67 oz) de crema de menta blanca",Verter todos los ingredientes en un vaso mezclador con cubos de hielo. Remover bien y colar en una copa martini fría.,copa martini,Opcional: una hoja de menta.,https://iba-world.com/iba-cocktail/stinger/
Suffering Bastard,New Era Drinks (Bebidas de la nueva era),"30 ml (1 oz) de coñac o brandy; 30 ml (1 oz) de gin; 15 ml (0,5 oz) de jugo fresco de lima; 2 golpes (dashes) de amargo de Angostura; completar con ginger beer (cerveza de jengibre)",Verter todos los ingredientes en la coctelera excepto la ginger beer y agitar bien con hielo. Verter sin colar en un vaso Collins o en la taza original Suffering Bastard y completar con ginger beer.,vaso Collins (o taza Suffering Bastard),"Una ramita de hierbabuena (menta) y, opcionalmente, una rodaja de naranja.",https://iba-world.com/iba-cocktail/suffering-bastard/
Tequila Sunrise,Contemporary Classics (Clásicos contemporáneos),"45 ml (1,5 oz) de tequila; 90 ml (3 oz) de jugo fresco de naranja; 15 ml (0,5 oz) de jarabe de granadina",Verter el tequila y el jugo de naranja directamente en un vaso highball lleno de cubos de hielo. Añadir el jarabe de granadina para crear el efecto cromático (amanecer o sunrise); no remover.,vaso highball,Media rodaja de naranja o una piel (zest) de naranja.,https://iba-world.com/iba-cocktail/tequila-sunrise/
Three Dots and a Dash,New Era Drinks (Bebidas de la nueva era),"45 ml (1,5 oz) de rhum agrícola de Martinica; 15 ml (0,5 oz) de ron añejo de mezcla (blended aged rum); 7,5 ml (0,25 oz) de falernum; 7,5 ml (0,25 oz) de licor de pimienta de Jamaica (Allspice Saint Elizabeth); 15 ml (0,5 oz) de jugo fresco de lima; 15 ml (0,5 oz) de jugo fresco de naranja; 15 ml (0,5 oz) de jarabe de miel; 2 golpes (dashes) de amargo de Angostura","Verter todos los ingredientes en una licuadora con 12 onzas de hielo picado, licuar brevemente (flash blend) y verter la bebida en un vaso copo con pie. Llenar el vaso con más hielo picado.",vaso copo con pie,Tres cerezas y un trozo rectangular de piña.,https://iba-world.com/iba-cocktail/three-dots-and-a-dash/
Tipperary,New Era Drinks (Bebidas de la nueva era),"50 ml (1,67 oz) de whiskey irlandés; 25 ml (0,83 oz) de vermut rojo dulce; 15 ml (0,5 oz) de Chartreuse verde; 2 golpes (dashes) de amargo de Angostura",Verter todos los ingredientes en un vaso mezclador con cubos de hielo. Remover bien y colar en una copa martini fría.,copa martini,Una rodaja de naranja.,https://iba-world.com/iba-cocktail/tipperary/
Tommy's Margarita,New Era Drinks (Bebidas de la nueva era),60 ml (2 oz) de tequila 100 % de agave; 30 ml (1 oz) de jugo fresco de lima; 30 ml (1 oz) de néctar (sirope) de agave,"Verter todos los ingredientes en una coctelera, agitar bien con hielo y colar en un vaso rocks frío lleno de hielo.",vaso rocks,Una rodaja de lima.,https://iba-world.com/iba-cocktail/tommys-margarita/
Trinidad Sour,New Era Drinks (Bebidas de la nueva era),"45 ml (1,5 oz) de amargo de Angostura; 30 ml (1 oz) de jarabe de orgeat; 22,5 ml (0,75 oz) de jugo fresco de limón; 15 ml (0,5 oz) de whiskey de centeno (rye)",Verter todos los ingredientes en una coctelera y agitar bien con hielo. Colar en una copa de cóctel fría.,copa de cóctel,Sin guarnición.,https://iba-world.com/iba-cocktail/trinidad-sour/
Tuxedo,The Unforgettables (Inolvidables),30 ml (1 oz) de gin Old Tom; 30 ml (1 oz) de vermut seco; 1/2 cucharada de bar de licor marrasquino Luxardo; 1/4 de cucharada de bar de absenta; 3 golpes (dashes) de bitter de naranja,Verter todos los ingredientes en un vaso mezclador con cubos de hielo. Remover bien y colar en una copa martini fría.,copa martini,Una cereza y una piel (zest) de limón.,https://iba-world.com/iba-cocktail/tuxedo/
Ve.N.To,New Era Drinks (Bebidas de la nueva era),"45 ml (1,5 oz) de grappa blanca suave; 22,5 ml (0,75 oz) de jugo fresco de limón; 15 ml (0,5 oz) de mezcla de miel (honey mix; el agua puede sustituirse por manzanilla)*; 15 ml (0,5 oz) de cordial de manzanilla; unas gotas de clara de huevo (opcional)","Verter todos los ingredientes en la coctelera. Agitar vigorosamente con hielo. Colar en un vaso tumbler pequeño y frío lleno de hielo. *Si se desea, el agua de la mezcla de miel puede reemplazarse por infusión de manzanilla.",vaso tumbler pequeño,Una piel (zest) de limón y uvas blancas.,https://iba-world.com/iba-cocktail/ve-n-to/
Vesper,Contemporary Classics (Clásicos contemporáneos),"45 ml (1,5 oz) de gin; 15 ml (0,5 oz) de vodka; 7,5 ml (0,25 oz) de Lillet Blanc",Verter todos los ingredientes en una coctelera llena de cubos de hielo. Agitar y colar en una copa de cóctel fría.,copa de cóctel,Una piel (zest) de limón.,https://iba-world.com/iba-cocktail/vesper/
Vieux Carré,The Unforgettables (Inolvidables),30 ml (1 oz) de whiskey de centeno (rye); 30 ml (1 oz) de coñac (cognac); 30 ml (1 oz) de vermut dulce; 1 cucharada de bar de Bénédictine; 2 golpes (dashes) de Peychaud's Bitters,Verter todos los ingredientes en un vaso mezclador con cubos de hielo. Remover bien y colar en una copa de cóctel fría.,copa de cóctel,Una piel (zest) de naranja y una cereza marrasquino.,https://iba-world.com/iba-cocktail/vieux-carre/
Whiskey Sour,The Unforgettables (Inolvidables),"45 ml (1,5 oz) de bourbon; 25 ml (0,83 oz) de jugo fresco de limón; 20 ml (0,67 oz) de jarabe de azúcar; unas gotas de clara de huevo (opcional)","Verter todos los ingredientes en una coctelera llena de hielo y agitar bien. Colar en un vaso cobbler. Si se sirve con hielo (on the rocks), colar en un vaso old fashioned lleno de hielo. Nota: si se usa clara de huevo, agitar un poco más fuerte para liberar e incorporar la espuma de la clara.",vaso cobbler (o vaso old fashioned si se sirve con hielo),"Media rodaja de naranja y una cereza marrasquino; opcionalmente, una piel (zest) de naranja.",https://iba-world.com/iba-cocktail/whiskey-sour/
White Lady,The Unforgettables (Inolvidables),"40 ml (1,33 oz) de gin; 30 ml (1 oz) de triple sec; 20 ml (0,67 oz) de jugo fresco de limón","Verter todos los ingredientes en la coctelera, agitar bien con hielo y colar en una copa de cóctel fría.",copa de cóctel,Sin guarnición.,https://iba-world.com/iba-cocktail/white-lady/
Zombie,Contemporary Classics (Clásicos contemporáneos),"45 ml (1,5 oz) de ron oscuro de Jamaica; 45 ml (1,5 oz) de ron dorado de Puerto Rico; 30 ml (1 oz) de ron Demerara; 20 ml (0,67 oz) de jugo fresco de lima; 15 ml (0,5 oz) de falernum; 15 ml (0,5 oz) de Donn's Mix*; 1 cucharadita de jarabe de granadina; 1 golpe (dash) de amargo de Angostura; 6 gotas de Pernod",Poner todos los ingredientes en una licuadora eléctrica con 170 gramos de hielo picado. Licuar a pulsos durante unos segundos. Servir en un vaso tumbler alto. *Donn's Mix: 2 partes de jugo fresco de toronja amarilla y 1 parte de jarabe de canela.,vaso tumbler alto,Hojas de hierbabuena (menta).,https://iba-world.com/iba-cocktail/zombie/
